{"stats":{"minecraft:mined":{"minecraft:podzol":3,"minecraft:large_fern":1,"minecraft:dark_oak_leaves":109,"minecraft:fire":1,"minecraft:sweet_berry_bush":3,"minecraft:spruce_log":20,"minecraft:dark_oak_log":76,"minecraft:crafting_table":3,"minecraft:grass":3,"minecraft:grass_block":41,"minecraft:coal_ore":6,"minecraft:dirt":8,"minecraft:spruce_leaves":6,"minecraft:stone":16,"minecraft:sugar_cane":1},"minecraft:crafted":{"minecraft:leather_boots":1,"minecraft:crafting_table":1,"minecraft:spruce_planks":36,"minecraft:stick":8,"minecraft:wooden_pickaxe":1,"minecraft:stone_pickaxe":1,"minecraft:white_bed":1,"minecraft:bone_meal":12,"minecraft:stone_axe":1},"minecraft:picked_up":{"minecraft:dark_oak_sapling":7,"minecraft:stick":8,"minecraft:crafting_table":3,"minecraft:sweet_berries":7,"minecraft:leather":8,"minecraft:spruce_log":20,"minecraft:string":2,"minecraft:dark_oak_log":71,"minecraft:cornflower":1,"minecraft:dirt":52,"minecraft:bone":4,"minecraft:arrow":2,"minecraft:beef":21,"minecraft:poppy":4,"minecraft:coal":5,"minecraft:sugar_cane":3,"minecraft:mutton":11,"minecraft:white_wool":6,"minecraft:cobblestone":16},"minecraft:custom":{"minecraft:time_since_rest":27919,"minecraft:sprint_one_cm":125455,"minecraft:damage_taken":110,"minecraft:walk_one_cm":50017,"minecraft:mob_kills":17,"minecraft:drop":1,"minecraft:damage_dealt":1650,"minecraft:interact_with_crafting_table":4,"minecraft:swim_one_cm":23245,"minecraft:talked_to_villager":2,"minecraft:fly_one_cm":170873,"minecraft:open_chest":3,"minecraft:crouch_one_cm":827,"minecraft:play_time":27919,"minecraft:sneak_time":578,"minecraft:walk_under_water_one_cm":279,"minecraft:jump":739,"minecraft:leave_game":2,"minecraft:walk_on_water_one_cm":1833,"minecraft:time_since_death":27919,"minecraft:total_world_time":27919,"minecraft:fall_one_cm":16765},"minecraft:broken":{"minecraft:golden_shovel":1,"minecraft:golden_axe":1},"minecraft:dropped":{"minecraft:string":1},"minecraft:used":{"minecraft:cornflower":1,"minecraft:apple":10,"minecraft:stone_pickaxe":7,"minecraft:poppy":4,"minecraft:spruce_planks":22,"minecraft:wooden_pickaxe":15,"minecraft:leather_boots":1,"minecraft:stone_axe":81,"minecraft:dirt":12,"minecraft:cobblestone":9,"minecraft:crafting_table":3,"minecraft:sweet_berries":7,"minecraft:white_bed":1,"minecraft:golden_shovel":33,"minecraft:bone_meal":5,"minecraft:golden_axe":32,"minecraft:obsidian":1,"minecraft:dark_oak_sapling":4},"minecraft:killed":{"minecraft:skeleton":1,"minecraft:sheep":6,"minecraft:spider":1,"minecraft:cow":9}},"DataVersion":3465}