{"stats":{"minecraft:mined":{"minecraft:podzol":3,"minecraft:dark_oak_leaves":109,"minecraft:dark_oak_log":76,"minecraft:crafting_table":4,"minecraft:granite":1,"minecraft:emerald_ore":1,"minecraft:grass_block":42,"minecraft:spruce_leaves":6,"minecraft:sugar_cane":1,"minecraft:large_fern":1,"minecraft:furnace":1,"minecraft:iron_ore":3,"minecraft:fire":1,"minecraft:sweet_berry_bush":3,"minecraft:spruce_log":20,"minecraft:grass":3,"minecraft:coal_ore":27,"minecraft:dirt":8,"minecraft:stone":38},"minecraft:crafted":{"minecraft:leather_boots":1,"minecraft:crafting_table":1,"minecraft:spruce_planks":36,"minecraft:wooden_pickaxe":1,"minecraft:furnace":1,"minecraft:bone_meal":12,"minecraft:stone_axe":1,"minecraft:cooked_mutton":6,"minecraft:air":0,"minecraft:stick":8,"minecraft:iron_ingot":3,"minecraft:iron_pickaxe":1,"minecraft:stone_pickaxe":1,"minecraft:white_bed":1},"minecraft:picked_up":{"minecraft:crafting_table":4,"minecraft:leather":11,"minecraft:cornflower":1,"minecraft:dirt":53,"minecraft:string":2,"minecraft:bone":4,"minecraft:beef":29,"minecraft:poppy":4,"minecraft:sugar_cane":3,"minecraft:furnace":1,"minecraft:raw_iron":3,"minecraft:dark_oak_sapling":7,"minecraft:stick":8,"minecraft:sweet_berries":7,"minecraft:spruce_log":20,"minecraft:dark_oak_log":71,"minecraft:arrow":2,"minecraft:granite":1,"minecraft:emerald":1,"minecraft:coal":53,"minecraft:mutton":20,"minecraft:white_wool":11,"minecraft:cobblestone":38},"minecraft:custom":{"minecraft:interact_with_furnace":5,"minecraft:mob_kills":28,"minecraft:interact_with_crafting_table":6,"minecraft:leave_game":3,"minecraft:time_since_death":40424,"minecraft:time_since_rest":40424,"minecraft:sprint_one_cm":161608,"minecraft:damage_taken":230,"minecraft:walk_one_cm":73557,"minecraft:drop":1,"minecraft:damage_dealt":2650,"minecraft:swim_one_cm":23245,"minecraft:talked_to_villager":2,"minecraft:fly_one_cm":223655,"minecraft:open_chest":3,"minecraft:crouch_one_cm":1082,"minecraft:play_time":40424,"minecraft:sneak_time":649,"minecraft:walk_under_water_one_cm":279,"minecraft:jump":1091,"minecraft:walk_on_water_one_cm":2791,"minecraft:total_world_time":40424,"minecraft:fall_one_cm":24866},"minecraft:broken":{"minecraft:golden_axe":1,"minecraft:golden_shovel":1},"minecraft:dropped":{"minecraft:string":1},"minecraft:killed":{"minecraft:spider":1,"minecraft:sheep":11,"minecraft:skeleton":1,"minecraft:goat":2,"minecraft:cow":13},"minecraft:used":{"minecraft:cooked_mutton":3,"minecraft:stone_pickaxe":55,"minecraft:poppy":4,"minecraft:spruce_planks":22,"minecraft:wooden_pickaxe":15,"minecraft:leather_boots":1,"minecraft:dirt":15,"minecraft:crafting_table":4,"minecraft:white_bed":1,"minecraft:golden_shovel":33,"minecraft:granite":1,"minecraft:obsidian":1,"minecraft:cornflower":1,"minecraft:apple":11,"minecraft:iron_pickaxe":2,"minecraft:stone_axe":95,"minecraft:cobblestone":11,"minecraft:sweet_berries":7,"minecraft:furnace":2,"minecraft:bone_meal":5,"minecraft:golden_axe":32,"minecraft:dark_oak_sapling":4}},"DataVersion":3465}