{"stats":{"minecraft:mined":{"minecraft:smithing_table":2,"minecraft:podzol":3,"minecraft:white_bed":4,"minecraft:mossy_cobblestone":1,"minecraft:dark_oak_leaves":6,"minecraft:dark_oak_log":3,"minecraft:dandelion":10,"minecraft:powder_snow":13,"minecraft:oak_fence":1,"minecraft:crafting_table":4,"minecraft:cornflower":4,"minecraft:grass_block":5,"minecraft:poppy":8,"minecraft:tall_grass":12,"minecraft:copper_ore":1,"minecraft:cobblestone":19,"minecraft:spruce_leaves":2,"minecraft:oak_planks":1,"minecraft:composter":1,"minecraft:wall_torch":2,"minecraft:birch_log":17,"minecraft:spruce_log":5,"minecraft:yellow_bed":9,"minecraft:bell":9,"minecraft:grass":34,"minecraft:oak_log":34,"minecraft:dirt_path":4,"minecraft:gravel":2,"minecraft:dirt":15,"minecraft:cracked_stone_bricks":1,"minecraft:stone":16,"minecraft:white_wool":3,"minecraft:fern":6},"minecraft:crafted":{"minecraft:oak_planks":112,"minecraft:stone_shovel":1,"minecraft:emerald":5,"minecraft:cooked_porkchop":4,"minecraft:crafting_table":2,"minecraft:spruce_planks":20,"minecraft:wooden_pickaxe":1,"minecraft:birch_slab":6,"minecraft:furnace":1,"minecraft:fletching_table":1,"minecraft:birch_planks":68,"minecraft:stone_axe":1,"minecraft:air":0,"minecraft:iron_axe":1,"minecraft:stick":212,"minecraft:stone_pickaxe":1,"minecraft:stone_sword":1,"minecraft:white_bed":1,"minecraft:dark_oak_planks":32},"minecraft:picked_up":{"minecraft:birch_log":17,"minecraft:crafting_table":4,"minecraft:leather":9,"minecraft:smithing_table":2,"minecraft:wooden_pickaxe":1,"minecraft:flint":3,"minecraft:oak_log":34,"minecraft:yellow_bed":9,"minecraft:cornflower":3,"minecraft:dirt":24,"minecraft:raw_copper":2,"minecraft:apple":1,"minecraft:cracked_stone_bricks":1,"minecraft:wheat_seeds":8,"minecraft:bell":9,"minecraft:iron_ingot":10,"minecraft:beef":15,"minecraft:light_gray_wool":1,"minecraft:poppy":4,"minecraft:oak_planks":1,"minecraft:stick":7,"minecraft:sweet_berries":6,"minecraft:composter":1,"minecraft:oak_fence":1,"minecraft:torch":4,"minecraft:dandelion":10,"minecraft:porkchop":4,"minecraft:white_bed":4,"minecraft:spruce_log":5,"minecraft:dark_oak_log":8,"minecraft:mossy_cobblestone":2,"minecraft:rotten_flesh":1,"minecraft:mutton":16,"minecraft:white_wool":13,"minecraft:cobblestone":34},"minecraft:custom":{"minecraft:interact_with_smithing_table":1,"minecraft:interact_with_furnace":7,"minecraft:mob_kills":27,"minecraft:traded_with_villager":5,"minecraft:interact_with_crafting_table":15,"minecraft:bell_ring":22,"minecraft:leave_game":2,"minecraft:time_since_death":45514,"minecraft:sleep_in_bed":3,"minecraft:time_since_rest":6185,"minecraft:sprint_one_cm":243880,"minecraft:damage_taken":197,"minecraft:walk_one_cm":61160,"minecraft:drop":8,"minecraft:damage_dealt":4501,"minecraft:swim_one_cm":10913,"minecraft:talked_to_villager":6,"minecraft:fly_one_cm":313091,"minecraft:open_chest":3,"minecraft:crouch_one_cm":4981,"minecraft:play_time":45514,"minecraft:sneak_time":1241,"minecraft:walk_under_water_one_cm":680,"minecraft:jump":1395,"minecraft:walk_on_water_one_cm":1016,"minecraft:total_world_time":45514,"minecraft:fall_one_cm":36882},"minecraft:dropped":{"minecraft:mossy_cobblestone":2,"minecraft:flint_and_steel":2,"minecraft:stick":7,"minecraft:poppy":4,"minecraft:wooden_pickaxe":2},"minecraft:killed":{"minecraft:pig":2,"minecraft:iron_golem":2,"minecraft:sheep":11,"minecraft:zombie":2,"minecraft:chicken":1,"minecraft:villager":1,"minecraft:cow":8},"minecraft:used":{"minecraft:stone_sword":96,"minecraft:stone_pickaxe":48,"minecraft:oak_planks":57,"minecraft:wooden_pickaxe":16,"minecraft:fletching_table":1,"minecraft:bell":8,"minecraft:cracked_stone_bricks":1,"minecraft:white_wool":3,"minecraft:dirt":22,"minecraft:mutton":16,"minecraft:crafting_table":6,"minecraft:white_bed":5,"minecraft:iron_axe":77,"minecraft:stone_axe":36,"minecraft:cobblestone":9,"minecraft:beef":15,"minecraft:furnace":1,"minecraft:cooked_porkchop":2,"minecraft:smithing_table":2,"minecraft:yellow_bed":9}},"DataVersion":3465}