{"stats":{"minecraft:mined":{"minecraft:smithing_table":2,"minecraft:podzol":3,"minecraft:white_bed":4,"minecraft:mossy_cobblestone":1,"minecraft:dark_oak_leaves":6,"minecraft:dark_oak_log":3,"minecraft:dandelion":10,"minecraft:powder_snow":13,"minecraft:oak_fence":1,"minecraft:crafting_table":4,"minecraft:cornflower":4,"minecraft:grass_block":5,"minecraft:poppy":8,"minecraft:tall_grass":12,"minecraft:copper_ore":1,"minecraft:cobblestone":19,"minecraft:spruce_leaves":2,"minecraft:oak_planks":1,"minecraft:composter":1,"minecraft:wall_torch":2,"minecraft:birch_log":22,"minecraft:spruce_log":5,"minecraft:orange_tulip":1,"minecraft:yellow_bed":9,"minecraft:bell":9,"minecraft:grass":34,"minecraft:oak_log":126,"minecraft:dirt_path":4,"minecraft:gravel":2,"minecraft:dirt":16,"minecraft:cracked_stone_bricks":1,"minecraft:stone":16,"minecraft:white_wool":3,"minecraft:fern":6},"minecraft:crafted":{"minecraft:oak_planks":496,"minecraft:stone_shovel":1,"minecraft:emerald":28,"minecraft:cooked_porkchop":4,"minecraft:crafting_table":2,"minecraft:spruce_planks":20,"minecraft:wooden_pickaxe":1,"minecraft:birch_slab":6,"minecraft:furnace":1,"minecraft:fletching_table":1,"minecraft:birch_planks":88,"minecraft:stone_axe":1,"minecraft:air":0,"minecraft:iron_boots":1,"minecraft:iron_chestplate":1,"minecraft:iron_axe":1,"minecraft:stick":1106,"minecraft:stone_pickaxe":1,"minecraft:stone_sword":1,"minecraft:white_bed":1,"minecraft:dark_oak_planks":32},"minecraft:picked_up":{"minecraft:birch_log":22,"minecraft:crafting_table":4,"minecraft:leather":18,"minecraft:smithing_table":2,"minecraft:wooden_pickaxe":1,"minecraft:flint":3,"minecraft:oak_log":124,"minecraft:yellow_bed":9,"minecraft:cornflower":3,"minecraft:dirt":25,"minecraft:raw_copper":2,"minecraft:apple":1,"minecraft:cracked_stone_bricks":1,"minecraft:wheat_seeds":16,"minecraft:orange_tulip":1,"minecraft:bell":9,"minecraft:iron_ingot":15,"minecraft:beef":15,"minecraft:light_gray_wool":1,"minecraft:poppy":5,"minecraft:oak_planks":1,"minecraft:stick":9,"minecraft:sweet_berries":6,"minecraft:composter":1,"minecraft:oak_fence":1,"minecraft:torch":4,"minecraft:dandelion":10,"minecraft:porkchop":4,"minecraft:white_bed":4,"minecraft:spruce_log":5,"minecraft:dark_oak_log":8,"minecraft:mossy_cobblestone":2,"minecraft:rotten_flesh":1,"minecraft:oak_sapling":4,"minecraft:mutton":16,"minecraft:white_wool":13,"minecraft:cobblestone":34},"minecraft:custom":{"minecraft:interact_with_smithing_table":1,"minecraft:interact_with_furnace":7,"minecraft:mob_kills":28,"minecraft:traded_with_villager":28,"minecraft:interact_with_crafting_table":19,"minecraft:bell_ring":22,"minecraft:leave_game":4,"minecraft:time_since_death":56499,"minecraft:sleep_in_bed":4,"minecraft:time_since_rest":8092,"minecraft:sprint_one_cm":277435,"minecraft:damage_taken":217,"minecraft:walk_one_cm":76704,"minecraft:drop":19,"minecraft:damage_dealt":5501,"minecraft:swim_one_cm":10913,"minecraft:talked_to_villager":11,"minecraft:fly_one_cm":369917,"minecraft:open_chest":3,"minecraft:crouch_one_cm":5535,"minecraft:play_time":56499,"minecraft:sneak_time":1618,"minecraft:walk_under_water_one_cm":680,"minecraft:jump":1629,"minecraft:walk_on_water_one_cm":1016,"minecraft:total_world_time":56499,"minecraft:fall_one_cm":44717},"minecraft:dropped":{"minecraft:sweet_berries":6,"minecraft:wheat_seeds":16,"minecraft:mossy_cobblestone":2,"minecraft:orange_tulip":1,"minecraft:rotten_flesh":1,"minecraft:leather":18,"minecraft:flint_and_steel":2,"minecraft:stick":7,"minecraft:flint":1,"minecraft:poppy":4,"minecraft:cornflower":3,"minecraft:oak_sapling":4,"minecraft:wooden_pickaxe":2,"minecraft:dandelion":10},"minecraft:killed":{"minecraft:pig":2,"minecraft:iron_golem":3,"minecraft:sheep":11,"minecraft:zombie":2,"minecraft:chicken":1,"minecraft:villager":1,"minecraft:cow":8},"minecraft:used":{"minecraft:stone_sword":96,"minecraft:stone_pickaxe":48,"minecraft:oak_planks":57,"minecraft:wooden_pickaxe":16,"minecraft:fletching_table":1,"minecraft:bell":8,"minecraft:cracked_stone_bricks":1,"minecraft:white_wool":3,"minecraft:dirt":22,"minecraft:mutton":16,"minecraft:crafting_table":6,"minecraft:white_bed":5,"minecraft:iron_axe":185,"minecraft:stone_axe":36,"minecraft:cobblestone":9,"minecraft:beef":15,"minecraft:furnace":1,"minecraft:cooked_porkchop":3,"minecraft:smithing_table":2,"minecraft:yellow_bed":9}},"DataVersion":3465}