{"stats":{"minecraft:mined":{"minecraft:smoker":2,"minecraft:crafting_table":7,"minecraft:grass_block":4,"minecraft:sugar_cane":6,"minecraft:diorite":7,"minecraft:wall_torch":1,"minecraft:large_fern":2,"minecraft:furnace":4,"minecraft:iron_ore":98,"minecraft:spruce_log":114,"minecraft:birch_leaves":2,"minecraft:andesite":1,"minecraft:grass":1,"minecraft:coal_ore":91,"minecraft:oak_log":27,"minecraft:dirt":4,"minecraft:azalea_leaves":1,"minecraft:stone":107,"minecraft:oak_leaves":2},"minecraft:crafted":{"minecraft:cooked_beef":8,"minecraft:oak_planks":16,"minecraft:stone_shovel":2,"minecraft:cooked_porkchop":4,"minecraft:crafting_table":2,"minecraft:spruce_planks":32,"minecraft:wooden_pickaxe":2,"minecraft:furnace":4,"minecraft:stone_axe":2,"minecraft:cooked_mutton":10,"minecraft:air":0,"minecraft:shield":1,"minecraft:stick":32,"minecraft:iron_ingot":14,"minecraft:iron_pickaxe":2,"minecraft:stone_pickaxe":2,"minecraft:stone_sword":2,"minecraft:white_bed":1,"minecraft:torch":28,"minecraft:smoker":2},"minecraft:picked_up":{"minecraft:crafting_table":7,"minecraft:andesite":1,"minecraft:leather":5,"minecraft:smoker":2,"minecraft:oak_log":27,"minecraft:dirt":8,"minecraft:raw_copper":7,"minecraft:bone":1,"minecraft:beef":8,"minecraft:sugar_cane":16,"minecraft:furnace":4,"minecraft:stick":4,"minecraft:raw_iron":97,"minecraft:porkchop":4,"minecraft:spruce_sapling":1,"minecraft:diorite":7,"minecraft:spruce_log":114,"minecraft:arrow":2,"minecraft:rotten_flesh":1,"minecraft:mutton":10,"minecraft:coal":166,"minecraft:cobblestone":114,"minecraft:white_wool":7},"minecraft:custom":{"minecraft:interact_with_furnace":26,"minecraft:mob_kills":28,"minecraft:interact_with_crafting_table":12,"minecraft:leave_game":3,"minecraft:time_since_death":18607,"minecraft:time_since_rest":18776,"minecraft:sprint_one_cm":125518,"minecraft:damage_taken":780,"minecraft:walk_one_cm":82819,"minecraft:damage_blocked_by_shield":90,"minecraft:damage_dealt":3971,"minecraft:swim_one_cm":12638,"minecraft:fly_one_cm":167057,"minecraft:open_chest":1,"minecraft:crouch_one_cm":7758,"minecraft:play_time":45167,"minecraft:deaths":1,"minecraft:sneak_time":3207,"minecraft:walk_under_water_one_cm":7017,"minecraft:jump":941,"minecraft:walk_on_water_one_cm":5096,"minecraft:interact_with_smoker":9,"minecraft:total_world_time":45167,"minecraft:fall_one_cm":29407},"minecraft:broken":{"minecraft:stone_pickaxe":1},"minecraft:killed":{"minecraft:pig":3,"minecraft:spider":3,"minecraft:skeleton":4,"minecraft:sheep":7,"minecraft:zombie":6,"minecraft:cow":5},"minecraft:used":{"minecraft:cooked_mutton":3,"minecraft:stone_sword":85,"minecraft:stone_shovel":8,"minecraft:stone_pickaxe":261,"minecraft:wooden_pickaxe":50,"minecraft:shield":3,"minecraft:torch":1,"minecraft:dirt":7,"minecraft:crafting_table":8,"minecraft:spruce_log":1,"minecraft:smoker":2,"minecraft:oak_log":2,"minecraft:stone_axe":135,"minecraft:cobblestone":43,"minecraft:furnace":5,"minecraft:cooked_beef":4}},"DataVersion":3465}