{"stats":{"minecraft:mined":{"minecraft:deepslate_diamond_ore":3,"minecraft:smoker":2,"minecraft:crafting_table":8,"minecraft:grass_block":4,"minecraft:cobblestone":2,"minecraft:sugar_cane":6,"minecraft:diorite":7,"minecraft:wall_torch":1,"minecraft:large_fern":2,"minecraft:furnace":5,"minecraft:iron_ore":98,"minecraft:spruce_log":114,"minecraft:birch_leaves":2,"minecraft:andesite":1,"minecraft:grass":1,"minecraft:coal_ore":91,"minecraft:oak_log":27,"minecraft:deepslate_iron_ore":6,"minecraft:dirt":4,"minecraft:azalea_leaves":1,"minecraft:stone":108,"minecraft:deepslate":17,"minecraft:oak_leaves":2},"minecraft:crafted":{"minecraft:cooked_beef":8,"minecraft:oak_planks":24,"minecraft:stone_shovel":2,"minecraft:cooked_porkchop":4,"minecraft:crafting_table":2,"minecraft:spruce_planks":32,"minecraft:wooden_pickaxe":2,"minecraft:iron_helmet":1,"minecraft:iron_sword":1,"minecraft:furnace":4,"minecraft:stone_axe":2,"minecraft:cooked_mutton":10,"minecraft:air":0,"minecraft:iron_boots":1,"minecraft:iron_chestplate":1,"minecraft:shield":2,"minecraft:stick":32,"minecraft:iron_ingot":39,"minecraft:iron_pickaxe":2,"minecraft:stone_pickaxe":2,"minecraft:stone_sword":2,"minecraft:iron_leggings":1,"minecraft:white_bed":1,"minecraft:torch":28,"minecraft:smoker":2},"minecraft:picked_up":{"minecraft:crafting_table":8,"minecraft:andesite":1,"minecraft:leather":5,"minecraft:smoker":2,"minecraft:oak_log":27,"minecraft:dirt":8,"minecraft:raw_copper":7,"minecraft:bone":1,"minecraft:cobbled_deepslate":21,"minecraft:beef":8,"minecraft:sugar_cane":16,"minecraft:furnace":5,"minecraft:stick":4,"minecraft:raw_iron":103,"minecraft:porkchop":4,"minecraft:spruce_sapling":1,"minecraft:diorite":7,"minecraft:spruce_log":114,"minecraft:arrow":6,"minecraft:rotten_flesh":6,"minecraft:diamond":3,"minecraft:mutton":10,"minecraft:coal":166,"minecraft:cobblestone":117,"minecraft:white_wool":7},"minecraft:custom":{"minecraft:interact_with_furnace":31,"minecraft:mob_kills":41,"minecraft:interact_with_crafting_table":16,"minecraft:leave_game":4,"minecraft:time_since_death":31767,"minecraft:time_since_rest":31936,"minecraft:sprint_one_cm":166204,"minecraft:damage_taken":1030,"minecraft:walk_one_cm":106496,"minecraft:damage_blocked_by_shield":400,"minecraft:damage_dealt":6353,"minecraft:swim_one_cm":12638,"minecraft:fly_one_cm":207141,"minecraft:open_chest":1,"minecraft:crouch_one_cm":9210,"minecraft:play_time":58327,"minecraft:deaths":1,"minecraft:sneak_time":3954,"minecraft:walk_under_water_one_cm":7017,"minecraft:jump":1254,"minecraft:walk_on_water_one_cm":5799,"minecraft:interact_with_smoker":9,"minecraft:total_world_time":58327,"minecraft:fall_one_cm":36773},"minecraft:broken":{"minecraft:stone_pickaxe":2},"minecraft:killed":{"minecraft:pig":3,"minecraft:witch":1,"minecraft:spider":3,"minecraft:skeleton":9,"minecraft:sheep":7,"minecraft:zombie":13,"minecraft:cow":5},"minecraft:used":{"minecraft:cooked_mutton":6,"minecraft:stone_sword":129,"minecraft:stone_shovel":8,"minecraft:stone_pickaxe":263,"minecraft:wooden_pickaxe":50,"minecraft:shield":8,"minecraft:torch":2,"minecraft:dirt":7,"minecraft:crafting_table":8,"minecraft:spruce_log":1,"minecraft:smoker":2,"minecraft:oak_log":2,"minecraft:iron_pickaxe":29,"minecraft:stone_axe":136,"minecraft:cobblestone":47,"minecraft:furnace":5,"minecraft:cooked_beef":6,"minecraft:cobbled_deepslate":21}},"DataVersion":3465}