{"stats":{"minecraft:mined":{"minecraft:crafting_table":1,"minecraft:granite":1,"minecraft:emerald_ore":4,"minecraft:grass_block":1,"minecraft:nether_quartz_ore":5,"minecraft:tall_grass":6,"minecraft:cobblestone":9,"minecraft:spruce_leaves":4,"minecraft:sugar_cane":5,"minecraft:diorite":1,"minecraft:large_fern":5,"minecraft:furnace":4,"minecraft:iron_ore":76,"minecraft:fire":2,"minecraft:sweet_berry_bush":3,"minecraft:lilac":1,"minecraft:spruce_log":7,"minecraft:birch_leaves":1,"minecraft:pumpkin":1,"minecraft:grass":18,"minecraft:oak_log":109,"minecraft:coal_ore":72,"minecraft:gravel":26,"minecraft:stone":37,"minecraft:netherrack":1,"minecraft:bone_block":6,"minecraft:oak_leaves":17,"minecraft:fern":1},"minecraft:crafted":{"minecraft:oak_planks":436,"minecraft:emerald":12,"minecraft:cooked_porkchop":8,"minecraft:crafting_table":2,"minecraft:spruce_planks":28,"minecraft:wooden_pickaxe":1,"minecraft:iron_helmet":1,"minecraft:iron_sword":1,"minecraft:furnace":3,"minecraft:bucket":1,"minecraft:cooked_mutton":17,"minecraft:air":0,"minecraft:flint_and_steel":1,"minecraft:quartz_block":1,"minecraft:iron_boots":1,"minecraft:iron_chestplate":1,"minecraft:iron_axe":1,"minecraft:stick":872,"minecraft:iron_ingot":37,"minecraft:iron_pickaxe":1,"minecraft:stone_pickaxe":1,"minecraft:stone_sword":1,"minecraft:chest":2,"minecraft:iron_leggings":1},"minecraft:picked_up":{"minecraft:crafting_table":1,"minecraft:brown_wool":1,"minecraft:flint":4,"minecraft:oak_log":109,"minecraft:gunpowder":1,"minecraft:string":2,"minecraft:flint_and_steel":2,"minecraft:cooked_mutton":1,"minecraft:bone":4,"minecraft:apple":2,"minecraft:wheat_seeds":2,"minecraft:sugar_cane":9,"minecraft:furnace":4,"minecraft:stick":3,"minecraft:raw_iron":75,"minecraft:pumpkin":1,"minecraft:sweet_berries":12,"minecraft:quartz":5,"minecraft:gravel":24,"minecraft:porkchop":14,"minecraft:diorite":1,"minecraft:spruce_log":7,"minecraft:arrow":7,"minecraft:rotten_flesh":3,"minecraft:granite":1,"minecraft:gray_wool":1,"minecraft:emerald":4,"minecraft:oak_sapling":4,"minecraft:netherrack":1,"minecraft:mutton":19,"minecraft:white_wool":11,"minecraft:coal":142,"minecraft:bone_block":5,"minecraft:cobblestone":50,"minecraft:ender_pearl":1},"minecraft:custom":{"minecraft:interact_with_smithing_table":1,"minecraft:interact_with_furnace":34,"minecraft:mob_kills":44,"minecraft:traded_with_villager":12,"minecraft:interact_with_crafting_table":23,"minecraft:leave_game":6,"minecraft:time_since_death":50941,"minecraft:sleep_in_bed":1,"minecraft:time_since_rest":6172,"minecraft:sprint_one_cm":162086,"minecraft:damage_taken":1054,"minecraft:walk_one_cm":131090,"minecraft:drop":3,"minecraft:damage_dealt":6683,"minecraft:talked_to_villager":8,"minecraft:swim_one_cm":14341,"minecraft:fly_one_cm":323307,"minecraft:open_chest":4,"minecraft:crouch_one_cm":1533,"minecraft:play_time":50941,"minecraft:sneak_time":500,"minecraft:walk_under_water_one_cm":3281,"minecraft:jump":1830,"minecraft:walk_on_water_one_cm":6407,"minecraft:total_world_time":50941,"minecraft:fall_one_cm":54075},"minecraft:dropped":{"minecraft:flint":3},"minecraft:killed":{"minecraft:pig":7,"minecraft:spider":5,"minecraft:creeper":1,"minecraft:skeleton":8,"minecraft:sheep":13,"minecraft:zombie":6,"minecraft:ghast":1,"minecraft:enderman":1},"minecraft:used":{"minecraft:cooked_mutton":13,"minecraft:water_bucket":7,"minecraft:stone_sword":80,"minecraft:flint_and_steel":1,"minecraft:stone_pickaxe":114,"minecraft:ender_pearl":1,"minecraft:chest":2,"minecraft:wooden_pickaxe":4,"minecraft:iron_sword":56,"minecraft:rotten_flesh":2,"minecraft:mutton":1,"minecraft:crafting_table":3,"minecraft:apple":2,"minecraft:lava_bucket":11,"minecraft:iron_axe":126,"minecraft:brown_wool":1,"minecraft:iron_pickaxe":118,"minecraft:iron_helmet":1,"minecraft:iron_boots":1,"minecraft:gravel":22,"minecraft:cobblestone":15,"minecraft:sweet_berries":8,"minecraft:cooked_porkchop":2,"minecraft:furnace":7,"minecraft:oak_sapling":4,"minecraft:porkchop":6,"minecraft:bucket":19,"minecraft:gray_wool":1,"minecraft:iron_leggings":1}},"DataVersion":3465}